id,name,category,description,price,sale_price,sale_ends,images,active,bms_category,quantity
"prd-1777003790550","Bat Gothic Claw","Claws","Bat Gothic Claw — Unleash your dark aesthetic with this stunning metallic bat-wing hair accessory.

Looking for a hair claw that matches your vibe? The Bat Gothic Claw from Minivy is imported from China, designed for girls who care about details and love the alternative, gothic look.

What makes it special:

Unique Bat-Wing Design: A bold, edgy shape that stands out from ordinary clips.
High-Shine Metallic Finish: Premium chrome plating that catches the light and adds a sleek touch to any outfit.
Ultra-Strong Grip: Heavy-duty metal springs designed to hold thick or fine hair securely all day long.
Color: Chrome Silver / Metallic | Size: 8.5cm x 5cm | Material: Premium Alloy Metal

Perfect for everyday Bangladesh life — handles rickshaw rides, university classes, and weekend hangouts without losing its shape or grip.

Cash on delivery across BD. Free delivery over ৳2,000.

FAQ: Q: Is this good for daily use? A: Yes — built with high-quality alloy for regular, long-term use. Q: Delivery time? A: 3–5 working days across Bangladesh. Q: Same quality as photos? A: Always — imported directly from China, no local replicas.",190,0,"","https://res.cloudinary.com/dsemiizxm/image/upload/v1777003790/miniy-products/6294128389241114090_121_s47t1o.jpg",true,"Goth Claw",1